Continent,Country,%GDP Agriculture,%GDP Industry,%GDP Services,Children Per Women,Cumulative CO2 Emissions,Democracy Score,Energy Use Total,Extreme Poverty headcount ratio at $1.25 a day (PPP) (% of population),GDP Per Capital,GDP Total,HDI,Life Expectancy,Murders Total Deaths,Population Density,Population Total,Poverty headcount ratio at $2 a day (PPP) (% of population),Working Hours per Week
africa,algeria,8.0253,61.283,30.6916,2.656,2.81492557E9,2.0,3.682332E7,NaN,2155.485,7.308519E10,0.68,70.18,3102.0,14.236,3.3906604E7,NaN,NaN
africa,angola,7.8603,66.5661,25.5741,6.523,3.05605664E8,-2.0,1.0968137E7,NaN,562.9877,2.1674668E10,0.471,49.471,6226.0,14.057,1.7525368E7,NaN,NaN
africa,benin,NaN,NaN,NaN,5.365,4.3211668E7,7.0,3207252.0,NaN,366.045,2.96956646E9,0.414,57.933,1046.0,72.034,8112573.0,NaN,NaN
africa,botswana,2.0336,53.1594,44.7832,2.91,8.3614664E7,8.0,2032669.0,NaN,4160.6626,8.0195538E9,0.618,46.422,390.0,3.313,1927540.0,NaN,NaN
africa,burkina,NaN,NaN,NaN,NaN,NaN,NaN,NaN,NaN,NaN,NaN,NaN,NaN,NaN,NaN,NaN,NaN,NaN
africa,burundi,37.8101,NaN,NaN,6.567,8272000.0,6.0,NaN,NaN,133.2869,1.02734605E9,0.289,51.045,2677.0,276.92,7707781.0,NaN,NaN
africa,cameroon,19.4652,30.644,49.8908,5.235,1.30390336E8,-4.0,6339740.0,9.56,647.9445,1.29127107E10,0.459,52.502,2808.0,38.596,1.8350022E7,30.36,NaN
africa,cape verde,7.2,15.6668,77.1332,2.66,5518333.5,10.0,103000.0,NaN,1735.8839,8.3847187E8,0.56,72.959,53.0,119.768,483023.0,NaN,NaN
africa,central african republic,53.8656,NaN,NaN,NaN,8506667.0,NaN,NaN,NaN,227.2706,9.8371533E8,0.323,NaN,NaN,6.679,NaN,NaN,NaN
africa,chad,12.5162,54.2645,33.2192,6.902,8092333.5,-2.0,NaN,NaN,292.1435,3.0300649E9,0.313,48.452,1860.0,8.078,1.0371839E7,NaN,NaN
africa,comoros,45.3437,11.8571,42.7992,5.112,2563000.0,9.0,41000.0,NaN,347.1,2.35543872E8,0.428,59.541,72.0,364.644,678602.0,NaN,NaN
africa,congo,NaN,NaN,NaN,NaN,NaN,NaN,NaN,NaN,NaN,NaN,NaN,NaN,NaN,NaN,NaN,NaN,NaN
africa,congo,NaN,NaN,NaN,NaN,NaN,NaN,NaN,NaN,NaN,NaN,NaN,NaN,NaN,NaN,NaN,NaN,NaN
africa,djibouti,3.8553,16.8857,79.2591,3.832,1.4542E7,2.0,143000.0,NaN,837.2779,7.0285549E8,0.416,58.816,27.0,36.183,839453.0,NaN,NaN
africa,egypt,14.0702,36.3445,49.5853,2.987,3.57505126E9,-3.0,7.1037936E7,NaN,1765.8694,1.35868768E11,0.626,69.838,912.0,76.83,7.6941568E7,NaN,NaN
africa,equatorial guinea,2.6779,94.5757,2.7465,5.39,3.7836332E7,-5.0,1759000.0,NaN,7994.386,5.1482993E9,0.526,49.796,113.0,22.956,643936.0,NaN,NaN
africa,eritrea,25.3831,20.0789,54.5379,5.266,7883333.5,-7.0,720631.0,NaN,167.7992,8.0519482E8,NaN,59.727,693.0,40.804,4798561.0,NaN,NaN
africa,ethiopia,46.2386,13.2713,40.49,5.353,1.23900336E8,1.0,3.0512124E7,NaN,176.1074,1.38028902E10,0.337,58.67,14894.0,70.378,7.7718432E7,NaN,NaN
africa,gabon,4.8461,60.2526,34.9012,4.304,1.55701328E8,-4.0,1988813.0,NaN,4143.3345,5.8985733E9,0.656,60.949,218.0,5.319,1423637.0,NaN,NaN
africa,gambia,21.0176,14.7933,56.4982,5.799,7758666.5,-5.0,133000.0,NaN,598.0823,1.0118672E9,0.399,57.31,212.0,140.89,1591357.0,NaN,NaN
africa,ghana,29.0499,20.7472,50.2029,4.257,1.97923008E8,8.0,9064105.0,NaN,317.7364,7.2087931E9,0.508,59.656,2555.0,95.217,2.2712404E7,NaN,NaN
africa,guinea,25.3456,43.3916,31.2628,5.423,4.7542E7,NaN,NaN,43.34,387.7516,5.1504983E9,0.337,53.958,1531.0,38.126,9373619.0,69.59,NaN
africa,guinea-bissau,NaN,NaN,NaN,5.317,7872333.5,6.0,95000.0,NaN,155.9948,2.22166384E8,0.345,52.861,253.0,39.424,1424191.0,NaN,NaN
africa,ivory coast,NaN,NaN,NaN,NaN,NaN,NaN,NaN,NaN,NaN,NaN,NaN,NaN,NaN,NaN,NaN,NaN,NaN
africa,kenya,25.0112,18.5388,56.45,4.824,2.83396672E8,7.0,1.7178316E7,NaN,461.0194,1.72622848E10,0.486,56.627,7221.0,64.589,3.7485248E7,NaN,NaN
africa,lesotho,7.6627,35.9165,56.4208,3.405,NaN,8.0,19000.0,NaN,446.3204,9.4000794E8,0.429,44.961,260.0,69.383,2106128.0,NaN,NaN
africa,liberia,NaN,18.92,26.09,5.277,3.9746668E7,6.0,NaN,83.76,217.1365,7.5502624E8,0.319,57.212,562.0,31.222,3477197.0,94.88,NaN
africa,libya,2.0827,76.4181,21.4993,2.69,1.43085069E9,-7.0,2.316608E7,NaN,7736.5444,4.6597616E10,0.755,74.045,171.0,3.423,6023053.0,NaN,NaN
africa,madagascar,25.6879,16.2591,58.0531,4.87,5.8523668E7,7.0,NaN,NaN,255.0942,4.841664E9,0.476,62.075,2128.0,32.332,1.8980392E7,NaN,NaN
africa,malawi,30.3049,16.3213,53.3738,5.843,2.8603666E7,6.0,NaN,NaN,157.6214,2.19248282E9,0.367,50.92,2318.0,114.694,1.3589404E7,NaN,NaN
africa,mali,36.541,24.1875,NaN,6.806,1.8095E7,7.0,NaN,NaN,258.0305,3.61779046E9,0.338,52.467,2029.0,11.305,1.4020786E7,NaN,NaN
africa,mauritania,25.5743,39.6004,34.8253,4.99,5.8938E7,4.0,NaN,NaN,609.9344,1.95951923E9,0.442,60.585,438.0,3.133,3212672.0,NaN,NaN
africa,mauritius,4.4805,26.9627,68.5568,1.628,6.3283E7,10.0,1194000.0,NaN,4650.9854,5.8621158E9,0.714,72.749,33.0,625.319,1275650.0,NaN,NaN
africa,morocco,13.7308,27.3143,58.9549,2.398,1.00533766E9,-6.0,1.4350182E7,2.52,1658.8553,5.2239577E10,0.565,69.564,328.0,69.446,3.10112E7,14.03,NaN
africa,mozambique,27.7096,25.879,46.4114,5.588,1.09453664E8,5.0,9237990.0,NaN,339.0638,7.3954314E9,0.299,48.284,4066.0,27.21,2.1811326E7,NaN,NaN
africa,namibia,9.3617,35.597,55.0414,3.436,2.9388334E7,6.0,1344838.0,NaN,2598.5127,5.6101473E9,0.607,58.861,255.0,2.619,2158984.0,NaN,NaN
africa,niger,NaN,NaN,NaN,7.593,2.9201334E7,6.0,NaN,NaN,171.4211,2.39058074E9,0.273,55.327,2587.0,11.007,1.3945662E7,NaN,NaN
africa,nigeria,32.7142,40.652,26.6338,6.015,2.46310528E9,4.0,1.07673856E8,NaN,476.2142,6.9980373E10,0.441,49.799,24477.0,159.078,1.46951472E8,NaN,NaN
africa,rwanda,35.661,13.9399,50.4253,5.167,2.0280334E7,-3.0,NaN,NaN,304.593,2.88790528E9,0.401,58.702,2405.0,368.689,9710531.0,NaN,NaN
africa,sao tome and principe,NaN,NaN,NaN,4.462,2570333.2,NaN,44000.0,NaN,NaN,NaN,0.496,65.261,8.0,163.238,157361.0,NaN,NaN
africa,senegal,13.3833,23.5696,63.0472,5.14,1.33411664E8,7.0,2999850.0,NaN,550.6476,6.334999E9,0.445,61.804,1632.0,58.329,1.1474661E7,NaN,NaN
africa,seychelles,2.1431,20.3163,77.5405,2.284,9779000.0,NaN,205000.0,0.25,8419.716,7.1595366E8,0.775,72.402,3.0,186.758,84975.0,1.84,NaN
africa,sierra leone,49.8609,24.2706,25.8686,5.232,6.5090668E7,7.0,NaN,NaN,251.417,1.37733504E9,0.319,43.535,1832.0,76.363,5478289.0,NaN,NaN
africa,somalia,NaN,NaN,NaN,7.14,1.8777E7,NaN,NaN,NaN,NaN,NaN,NaN,53.044,265.0,13.696,8733493.0,NaN,NaN
africa,south africa,3.3684,31.1965,65.435,2.58,1.50605404E10,9.0,1.37294336E8,NaN,3704.0842,1.78749047E11,0.604,52.13,32303.0,40.001,4.8842464E7,NaN,NaN
africa,south sudan,NaN,NaN,NaN,5.483,NaN,NaN,NaN,NaN,NaN,NaN,NaN,51.943,NaN,NaN,8260226.0,NaN,NaN
africa,sudan,28.126,31.1842,40.6898,4.873,2.40573664E8,-4.0,1.5097889E7,NaN,498.5702,1.96690657E10,0.395,60.671,10320.0,16.112,3.2113408E7,NaN,NaN
africa,swaziland,7.971,46.539,45.49,3.761,2.3767334E7,-9.0,423000.0,NaN,1773.4565,1.80910656E9,0.507,46.811,235.0,65.25,1133007.0,NaN,NaN
africa,tanzania,29.9657,23.3338,46.7004,5.585,1.25359664E8,NaN,1.8342124E7,67.87,410.6836,1.63748219E10,0.44,56.032,9790.0,43.454,4.1068184E7,87.87,NaN
africa,togo,35.8235,NaN,NaN,4.918,3.3649E7,-4.0,2458068.0,NaN,257.5718,1.45599706E9,0.424,54.617,833.0,99.548,5652811.0,NaN,NaN
africa,tunisia,9.4062,31.2692,59.3247,2.038,5.4975802E8,-4.0,9038797.0,NaN,2921.9937,2.9877676E10,0.681,74.506,164.0,61.918,1.0130368E7,NaN,NaN
africa,uganda,23.6293,26.5983,49.7723,6.425,5.2983332E7,NaN,NaN,NaN,339.0621,1.02871081E10,0.42,54.74,7057.0,125.872,3.0339896E7,NaN,NaN
africa,zambia,21.7643,38.452,39.7836,5.908,1.33243E8,5.0,7398445.0,NaN,385.1228,4.61745E9,0.405,50.126,2582.0,16.018,1.2055384E7,NaN,NaN
africa,zimbabwe,21.5979,33.075,45.3271,3.903,5.8405235E8,-4.0,9721288.0,NaN,339.6549,4.23931571E9,0.35,46.827,2582.0,31.941,1.2481245E7,NaN,NaN
asia,afghanistan,34.4948,25.8185,39.6867,6.456,7.8734336E7,NaN,NaN,NaN,NaN,NaN,0.363,58.102,813.0,44.696,2.914584E7,NaN,NaN
asia,bahrain,NaN,NaN,NaN,2.292,5.1906432E8,-7.0,8754281.0,NaN,13373.22,1.2380031E10,0.804,75.759,8.0,1333.909,925733.0,NaN,NaN
asia,bangladesh,19.2435,28.3776,52.379,2.443,6.5242835E8,-6.0,2.6373378E7,NaN,483.9709,6.9670904E10,0.478,68.253,11744.0,999.714,1.439568E8,NaN,NaN
asia,bhutan,19.2321,45.3422,35.4399,2.587,6343333.5,-6.0,244000.0,10.22,1175.9264,8.0095738E8,NaN,65.387,27.0,14.651,688581.0,29.76,NaN
asia,brunei,0.6897,71.3052,28.0051,2.119,2.59684336E8,NaN,3320372.0,NaN,18416.904,6.9526211E9,0.835,77.372,4.0,65.484,377513.0,NaN,NaN
asia,burma (myanmar),NaN,NaN,NaN,NaN,NaN,NaN,NaN,NaN,NaN,NaN,NaN,NaN,NaN,NaN,NaN,NaN,NaN
asia,cambodia,31.8814,26.7795,41.3391,3.102,4.9848332E7,2.0,3481516.0,32.23,510.0198,6.9718973E9,0.508,68.984,2534.0,75.509,1.3669857E7,60.13,NaN
asia,china,10.7697,47.3388,41.8915,1.617,1.09545202E11,-7.0,2.0148224E9,NaN,1864.1027,2.45667306E12,0.656,74.418,27693.0,137.698,1.32148198E9,NaN,NaN
asia,east timor,NaN,NaN,NaN,NaN,NaN,NaN,NaN,NaN,NaN,NaN,NaN,NaN,NaN,NaN,NaN,NaN,NaN
asia,india,18.2563,29.0363,52.7048,2.694,3.19264952E10,9.0,5.9880122E8,NaN,673.0047,7.9008832E11,0.523,64.751,61229.0,357.127,1.17397158E9,NaN,NaN
asia,indonesia,13.7167,46.7991,39.4842,2.49,7.2560364E9,8.0,1.8468112E8,24.2,1003.3644,2.33243853E11,0.591,69.445,20100.0,122.055,2.32461744E8,56.13,NaN
asia,iran,10.2167,44.4749,45.3084,1.87,9.9349432E9,-6.0,1.90091568E8,NaN,2125.0303,1.51802593E11,0.694,72.122,1742.0,43.342,7.1435496E7,NaN,NaN
asia,iraq,NaN,NaN,NaN,4.412,2.6132224E9,NaN,2.2394776E7,2.82,699.7056,2.04961956E10,0.558,68.792,2016.0,66.072,2.896058E7,21.41,NaN
asia,israel,NaN,NaN,NaN,2.913,1.60845299E9,10.0,2.0719254E7,NaN,21469.535,1.54153402E11,0.882,80.46,312.0,312.494,6920182.0,NaN,NaN
asia,japan,1.1463,29.4381,69.1353,1.329,4.6044406E10,10.0,5.15192544E8,NaN,40837.266,5.217808E12,0.894,82.87,686.0,334.81,1.26515488E8,NaN,NaN
asia,jordan,2.8422,30.3146,66.9603,3.641,3.98478656E8,-3.0,7208967.0,NaN,2380.5093,1.3478444E10,0.685,72.914,369.0,63.435,5667443.0,NaN,NaN
asia,kazakhstan,6.0966,40.6392,53.2642,2.455,2.70291635E9,-6.0,6.6230504E7,0.17,2332.295,3.6113703E10,0.727,65.629,2444.0,5.68,1.5476093E7,1.48,NaN
asia,north korea,NaN,NaN,NaN,NaN,5.9671885E9,NaN,1.8299646E7,NaN,NaN,NaN,NaN,NaN,NaN,199.179,NaN,NaN,NaN
asia,south korea,2.8817,NaN,NaN,NaN,1.00741775E10,NaN,2.22146512E8,NaN,15113.353,7.3447873E11,0.881,NaN,NaN,477.198,NaN,NaN,NaN
asia,kuwait,NaN,NaN,NaN,2.667,1.67127398E9,-7.0,2.6388952E7,NaN,25100.027,6.1440299E10,0.756,73.726,36.0,137.379,2447818.0,NaN,NaN
asia,kyrgyzstan,NaN,NaN,NaN,NaN,NaN,NaN,NaN,NaN,NaN,NaN,NaN,NaN,NaN,NaN,NaN,NaN,NaN
asia,laos,NaN,NaN,NaN,NaN,NaN,NaN,NaN,NaN,NaN,NaN,NaN,NaN,NaN,NaN,NaN,NaN,NaN
asia,lebanon,7.119,21.8756,71.0054,1.621,4.41650016E8,7.0,4207156.0,NaN,5436.652,2.24798597E10,0.721,77.97,99.0,397.584,4134872.0,NaN,NaN
asia,malaysia,10.1154,47.4961,42.3885,2.093,2.82800461E9,3.0,6.9969608E7,NaN,4905.1216,1.33247631E11,0.746,73.973,2358.0,82.011,2.7051142E7,2.93,NaN
asia,maldives,4.3395,19.4329,76.2276,2.41,9130000.0,NaN,299000.0,NaN,3500.111,1.08029478E9,0.64,75.238,5.0,1018.587,303539.0,NaN,NaN
asia,mongolia,20.4581,41.8919,37.65,2.315,3.11439328E8,10.0,3114445.0,NaN,709.7234,1.86267546E9,0.631,65.947,83.0,1.675,2624509.0,NaN,NaN
asia,nepal,33.5607,17.0937,49.3456,3.046,5.4908332E7,6.0,9290894.0,NaN,244.5373,6.9384607E9,0.437,65.731,3617.0,192.782,2.8373838E7,NaN,NaN
asia,oman,NaN,NaN,NaN,2.887,5.30112E8,-8.0,1.4604962E7,NaN,10392.286,2.66165883E10,0.697,74.812,51.0,8.275,2561187.0,NaN,NaN
asia,pakistan,20.4641,26.8924,52.6435,3.648,2.50668365E9,2.0,8.3140216E7,NaN,643.8585,1.05879699E11,0.493,65.578,5521.0,206.565,1.644456E8,NaN,NaN
asia,philippines,12.4967,33.053,54.4502,3.326,1.96174003E9,8.0,3.8514136E7,NaN,1283.4674,1.13782759E11,0.63,67.741,17486.0,295.509,8.8652632E7,NaN,NaN
asia,qatar,NaN,NaN,NaN,2.299,9.121017E8,-10.0,2.0554418E7,NaN,31424.322,3.7023883E10,0.825,77.564,8.0,107.108,1178192.0,NaN,NaN
asia,russian federation,NaN,NaN,NaN,NaN,NaN,NaN,NaN,NaN,NaN,NaN,NaN,NaN,NaN,NaN,NaN,NaN,NaN
asia,saudi arabia,2.7835,65.6188,31.5977,3.05,8.3923768E9,-10.0,1.44109488E8,NaN,9364.488,2.38833566E11,0.755,74.187,743.0,11.864,2.5504176E7,NaN,NaN
asia,singapore,0.0444,28.9358,71.0201,1.29,1.50896538E9,-2.0,2.1730908E7,NaN,31246.996,1.43379972E11,0.85,80.979,55.0,6712.876,4584894.0,NaN,NaN
asia,sri lanka,11.6832,29.9198,58.397,2.311,2.66376E8,6.0,9261356.0,7.04,1138.3668,2.2811734E10,0.673,73.621,1312.0,308.981,2.0272268E7,29.13,NaN
asia,syria,17.9392,32.9749,49.0859,3.237,1.33523494E9,-7.0,2.2802894E7,NaN,1418.0511,2.72910152E10,0.628,74.861,476.0,104.338,1.93213E7,NaN,NaN
asia,tajikistan,22.4321,27.1933,50.3746,3.667,4.6695E7,-3.0,2580843.0,14.66,216.5446,1.4301527E9,0.588,66.132,143.0,46.153,6604426.0,36.95,NaN
asia,thailand,10.6757,44.7381,44.5862,1.496,4.4910141E9,NaN,1.0488624E8,NaN,2562.7222,1.73743473E11,0.67,73.061,4409.0,132.127,6.7796448E7,NaN,NaN
asia,turkey,8.6764,28.2573,63.0663,2.173,5.8305208E9,7.0,1.00005024E8,1.13,5323.683,3.72619248E11,0.688,73.228,2096.0,89.326,6.9992752E7,4.54,NaN
asia,turkmenistan,12.3,53.7,34.0,2.523,5.941943E8,-9.0,2.1541694E7,NaN,944.6692,7.8237763E9,0.666,64.624,421.0,9.955,4858843.0,NaN,NaN
asia,united arab emirates,0.9758,54.7905,44.2337,2.004,2.28757837E9,-8.0,5.1962936E7,NaN,28427.098,1.53663848E11,0.827,75.757,19.0,64.66,5405541.0,NaN,NaN
asia,uzbekistan,23.9512,32.0085,44.0403,2.471,1.84030362E9,-9.0,4.8724928E7,NaN,783.0275,2.10383831E10,0.619,67.547,921.0,59.24,2.6503832E7,NaN,NaN
asia,vietnam,20.3596,41.4809,38.1831,1.877,1.68984205E9,-7.0,4.577706E7,NaN,623.9575,5.2550386E10,0.575,75.067,3165.0,256.287,8.5007448E7,NaN,NaN
asia,yemen,10.3832,NaN,NaN,NaN,4.25678016E8,NaN,7140440.0,NaN,575.2494,1.26249923E10,0.438,NaN,NaN,41.569,NaN,NaN,NaN
europe,albania,21.1173,19.6648,59.218,1.796,2.27322336E8,9.0,2050135.0,NaN,1681.6139,5.330153E9,0.729,76.278,208.0,110.257,3169665.0,NaN,NaN
europe,andorra,NaN,NaN,NaN,NaN,6629333.5,NaN,NaN,NaN,21495.805,1.74954355E9,NaN,NaN,1.0,173.91,81390.0,NaN,NaN
europe,armenia,20.2821,43.9088,35.8091,1.4,5.6686668E7,5.0,2845324.0,3.46,1424.1906,4.3782195E9,0.715,73.92,100.0,103.16,3074181.0,20.51,NaN
europe,austria,1.7462,29.8614,68.3925,1.379,4.5676252E9,10.0,3.3389496E7,NaN,27036.486,2.24424149E11,0.87,80.3,63.0,99.094,8309783.0,NaN,NaN
europe,azerbaijan,7.0022,68.4945,24.5034,1.989,5.7437235E8,-7.0,1.211646E7,NaN,1945.6375,1.66960998E10,NaN,69.841,235.0,101.859,8821012.0,NaN,NaN
europe,belarus,9.3434,42.1746,48.4819,1.386,9.7436531E8,-7.0,2.8057752E7,0.13,2253.464,2.18631086E10,0.738,70.41,1007.0,46.86,9728228.0,0.25,NaN
europe,belgium,0.8814,23.7167,75.4008,1.801,1.0990166E10,8.0,5.7025136E7,NaN,25034.666,2.66243703E11,0.88,79.49,164.0,345.216,1.0538758E7,NaN,NaN
europe,bosnia and herzegovina,8.8014,28.587,62.6116,1.207,2.64135664E8,NaN,5304575.0,0.04,2105.578,7.9570509E9,0.725,75.471,73.0,73.814,3779034.0,0.19,NaN
europe,bulgaria,5.5837,32.247,62.1693,1.4,3.21699405E9,9.0,2.0115636E7,NaN,2494.3528,1.91014584E10,0.758,72.95,235.0,68.886,7640283.0,0.41,NaN
europe,croatia,4.8748,27.4871,67.6382,1.413,3.2555968E8,9.0,9305929.0,NaN,6651.7417,2.95071252E10,0.791,75.93,85.0,78.284,4425995.0,NaN,NaN
europe,cyprus,2.2153,18.968,78.8167,1.503,1.91726336E8,10.0,2437076.0,NaN,15248.865,1.19547597E10,0.819,78.904,2.0,114.909,1063027.0,NaN,NaN
europe,czech republic,NaN,NaN,NaN,NaN,1.99573363E9,NaN,4.5845188E7,NaN,7868.3164,8.131235E10,0.861,NaN,NaN,130.773,NaN,NaN,NaN
europe,denmark,1.1769,25.6355,73.1876,1.8464,3.52353843E9,10.0,1.976228E7,NaN,32767.404,1.7895714E11,0.89,78.44,52.0,126.912,5469130.0,NaN,NaN
europe,estonia,NaN,30.0462,66.5774,1.598,2.84166656E8,9.0,5623844.0,NaN,7072.436,9.4889288E9,0.834,73.14,120.0,29.775,1342873.0,NaN,NaN
europe,finland,3.0067,33.7507,63.2426,1.83,2.47549133E9,10.0,3.6795024E7,NaN,28839.223,1.52522572E11,0.881,79.53,134.0,15.645,5290431.0,NaN,NaN
europe,france,2.2177,20.6166,77.1657,1.964,3.36460411E10,9.0,2.63483088E8,NaN,23516.223,1.50532168E12,0.877,81.14,501.0,111.958,6.1744596E7,NaN,NaN
europe,georgia,10.6955,24.3088,64.9957,1.758,8.8678336E7,6.0,3341325.0,15.19,1219.4482,5.3514271E9,0.724,73.45,166.0,63.357,4415956.0,34.92,NaN
europe,germany,0.9619,30.482,68.5561,1.361,8.1411858E10,10.0,3.31169024E8,NaN,25297.385,2.08112412E12,0.901,79.8833,570.0,231.124,8.2516296E7,NaN,NaN
europe,greece,NaN,19.2256,NaN,1.431,2.80608538E9,10.0,3.0216692E7,NaN,14801.555,1.64856611E11,0.86,79.735,97.0,85.298,1.1255717E7,NaN,NaN
europe,hungary,4.0244,30.1911,65.7845,1.32,4.3311805E9,10.0,2.6728592E7,0.17,5884.141,5.9169628E10,0.809,73.45,222.0,107.948,1.0042572E7,0.35,NaN
europe,iceland,5.6949,25.8099,68.4952,2.105,9.4765E7,NaN,4836174.0,NaN,38185.332,1.18972518E10,0.899,81.31,3.0,2.968,305721.0,NaN,NaN
europe,ireland,1.4262,33.5429,65.0309,1.999,1.66460429E9,10.0,1.508882E7,NaN,31543.602,1.37432138E11,0.909,79.655,30.0,61.066,4291258.0,NaN,NaN
europe,italy,2.0461,27.3472,70.6067,1.367,1.94830541E10,10.0,1.79598608E8,NaN,20291.227,1.20479744E12,0.869,81.111,559.0,197.45,5.9495244E7,NaN,NaN
europe,latvia,3.5804,23.254,73.1656,1.467,1.36498992E8,8.0,4669844.0,0.21,6296.227,1.43308421E10,0.8,70.77,236.0,35.32,2281693.0,0.47,NaN
europe,liechtenstein,NaN,NaN,NaN,NaN,NaN,NaN,NaN,NaN,82308.44,2.90268928E9,NaN,NaN,NaN,220.413,35266.0,NaN,NaN
europe,lithuania,3.9405,32.5982,63.4614,1.386,2.42150336E8,10.0,9452750.0,NaN,5839.1455,1.97107241E10,0.803,71.39,313.0,51.746,3379043.0,NaN,NaN
europe,luxembourg,NaN,NaN,NaN,NaN,NaN,NaN,NaN,NaN,NaN,NaN,NaN,NaN,NaN,NaN,NaN,NaN,NaN
europe,macedonia,NaN,NaN,NaN,NaN,NaN,NaN,NaN,NaN,NaN,NaN,NaN,NaN,NaN,NaN,NaN,NaN,NaN
europe,malta,2.3874,38.1735,59.3678,1.375,7.2669664E7,NaN,877123.0,NaN,10781.05,4.4099886E9,0.826,78.695,3.0,1305.722,412608.0,NaN,NaN
europe,moldova,12.0098,14.7769,73.2133,1.488,1.23900336E8,8.0,2935890.0,0.92,547.6738,1.95897651E9,0.638,68.195,320.0,108.462,3671540.0,6.61,NaN
europe,monaco,NaN,NaN,NaN,NaN,NaN,NaN,NaN,NaN,98397.09,3.47292518E9,NaN,NaN,NaN,23687.92,35295.0,NaN,NaN
europe,montenegro,9.1084,20.8728,70.0188,1.734,7927333.5,9.0,775129.0,0.15,2164.6116,1.35929382E9,0.767,74.002,NaN,45.465,627962.0,0.45,NaN
europe,netherlands,2.0778,24.6843,73.2379,1.718,9.6103813E9,10.0,7.9349592E7,NaN,26968.617,4.41791709E11,0.902,79.824,200.0,395.961,1.6443483E7,NaN,NaN
europe,norway,1.3401,41.7438,56.9161,1.9,1.99128973E9,10.0,2.7545596E7,NaN,41904.21,1.97333336E11,0.942,80.61,38.0,12.26,4722016.0,NaN,NaN
europe,poland,4.3279,31.637,64.0351,1.313,2.34108498E10,10.0,9.6823688E7,0.07,5932.4746,2.26149253E11,0.8,75.517,617.0,118.143,3.818976E7,0.29,NaN
europe,portugal,2.4508,24.7647,72.7845,1.374,1.90210163E9,10.0,2.5301558E7,NaN,11965.997,1.269393E11,0.798,79.12,179.0,115.327,1.0608036E7,NaN,NaN
europe,romania,8.7766,35.3003,55.9231,1.325,7.2155418E9,9.0,3.969794E7,0.79,2595.5962,5.5926981E10,0.767,72.916,708.0,90.796,2.1644886E7,3.56,NaN
europe,san marino,NaN,NaN,NaN,NaN,NaN,NaN,NaN,NaN,31590.457,9.7952531E8,NaN,NaN,NaN,508.311,31007.0,NaN,NaN
europe,serbia,10.3367,28.2819,61.3814,1.424,1.05809E8,8.0,1.6642753E7,0.23,1166.9476,8.6139156E9,0.754,73.199,NaN,111.282,9832994.0,0.59,NaN
europe,slovakia,NaN,NaN,NaN,NaN,NaN,NaN,NaN,NaN,NaN,NaN,NaN,NaN,NaN,NaN,NaN,NaN,NaN
europe,slovenia,2.5075,34.5964,62.8961,1.401,2.38776992E8,10.0,7320629.0,NaN,13377.915,2.69982659E10,0.868,78.152,41.0,99.346,2012345.0,NaN,NaN
europe,spain,2.8754,29.182,67.939,1.397,1.10480036E10,10.0,1.43829024E8,NaN,16351.111,7.3382062E11,0.866,80.745,600.0,88.152,4.4604384E7,NaN,NaN
europe,sweden,1.7146,28.2198,70.0656,1.892,4.3206461E9,10.0,5.00596E7,NaN,33259.26,3.0425881E11,0.899,81.08,111.0,20.36,9161374.0,NaN,NaN
europe,switzerland,1.2092,27.5913,71.1995,1.457,2.44254259E9,10.0,2.576534E7,NaN,38983.875,2.86450319E11,0.893,81.94,68.0,182.192,7521613.0,NaN,NaN
europe,ukraine,7.4605,36.7341,55.8054,1.347,6.1470787E9,7.0,1.37343648E8,0.06,1125.9597,5.2367655E10,0.725,68.17,5653.0,76.664,4.628216E7,0.21,NaN
europe,united kingdom,0.6888,23.0029,76.3083,1.841,7.2915263E10,10.0,2.1096784E8,NaN,29771.303,1.80690695E12,0.856,79.344,1210.0,250.704,6.08961E7,NaN,NaN
europe,vatican city,NaN,NaN,NaN,NaN,NaN,NaN,NaN,NaN,NaN,NaN,NaN,NaN,NaN,NaN,NaN,NaN,NaN
america,antigua and barbuda,1.9391,20.9678,77.1317,2.183,1.6661333E7,NaN,146000.0,NaN,13495.128,1.00935405E9,NaN,74.91,6.0,194.423,85935.0,NaN,NaN
america,bahamas,2.3267,13.4177,84.2556,1.876,1.40473664E8,NaN,709000.0,NaN,21721.62,7.1433933E9,0.77,74.216,72.0,23.697,328861.0,NaN,NaN
america,barbados,2.8044,23.1802,74.0154,1.827,3.7755668E7,NaN,401000.0,NaN,9783.984,2.6575063E9,0.791,74.368,44.0,631.67,271618.0,NaN,NaN
america,belize,12.2714,21.4835,66.2451,2.971,1.2448333E7,NaN,178000.0,NaN,3680.9165,1.14704998E9,0.692,72.523,63.0,12.763,293124.0,NaN,NaN
america,canada,1.6864,31.5455,66.7681,1.657,2.56130683E10,10.0,2.717312E8,NaN,26229.742,8.6373846E11,0.9,80.592,446.0,3.307,3.2977334E7,NaN,NaN
america,costa rica,8.4826,29.2679,62.2495,1.953,1.56273328E8,10.0,4510028.0,2.16,5137.4854,2.28752077E10,0.735,78.728,279.0,87.135,4452608.0,NaN,NaN
america,cuba,4.9704,20.4941,74.5355,1.52,1.31316531E9,-7.0,1.0137385E7,NaN,4165.6006,4.6940848E10,0.759,78.154,680.0,101.647,1.1268687E7,NaN,NaN
america,dominica,12.826,16.314,70.86,NaN,2548333.2,NaN,43000.0,NaN,5596.624,3.87615136E8,0.719,NaN,7.0,91.124,68434.0,NaN,NaN
america,dominican republic,6.5713,NaN,NaN,NaN,4.67404672E8,NaN,8348166.0,3.83,3594.0732,3.42585405E10,0.672,NaN,NaN,196.491,NaN,11.47,NaN
america,el salvador,11.8659,28.4068,59.7273,2.35,1.51418672E8,7.0,4452025.0,6.58,2609.0898,1.59177134E10,0.668,71.184,2561.0,289.951,6100868.0,13.4,NaN
america,grenada,4.0656,21.8734,74.0312,2.301,4755666.5,NaN,81000.0,NaN,6443.536,6.0422278E8,NaN,71.884,5.0,300.488,103368.0,NaN,NaN
america,guatemala,12.406,29.7255,57.8685,4.199,2.57873008E8,8.0,8527419.0,NaN,1877.7515,2.5084586E10,0.565,70.215,5101.0,122.683,1.3358842E7,NaN,NaN
america,haiti,NaN,NaN,NaN,3.58,4.4289668E7,5.0,2777133.0,NaN,392.0942,3.76770586E9,0.443,60.378,482.0,346.251,9608453.0,NaN,NaN
america,honduras,13.0074,28.5642,58.4285,3.34,1.40294E8,7.0,4691687.0,16.26,1409.979,1.00937851E10,0.613,71.957,1384.0,63.868,7158819.0,29.73,NaN
america,jamaica,5.3171,25.3384,69.3445,2.414,3.54082656E8,9.0,4687212.0,NaN,NaN,1.02970378E10,0.717,72.069,899.0,246.478,2709042.0,NaN,NaN
america,mexico,NaN,NaN,NaN,NaN,NaN,NaN,NaN,NaN,NaN,NaN,NaN,NaN,NaN,NaN,NaN,NaN,NaN
america,nicaragua,18.2833,29.029,52.6877,2.759,1.14125E8,9.0,3077817.0,NaN,1172.8601,4.9628995E9,0.577,72.746,821.0,42.797,5563654.0,NaN,NaN
america,panama,5.9509,16.5087,76.8324,2.637,1.76484E8,9.0,3001224.0,NaN,5210.719,1.7459415E10,0.752,76.326,388.0,44.37,3350673.0,NaN,NaN
america,saint kitts and nevis,NaN,NaN,NaN,NaN,NaN,NaN,NaN,NaN,NaN,NaN,NaN,NaN,NaN,NaN,NaN,NaN,NaN
america,saint lucia,NaN,NaN,NaN,NaN,NaN,NaN,NaN,NaN,NaN,NaN,NaN,NaN,NaN,NaN,NaN,NaN,NaN
america,saint vincent and the grenadines,NaN,NaN,NaN,NaN,NaN,NaN,NaN,NaN,NaN,NaN,NaN,NaN,NaN,NaN,NaN,NaN,NaN
america,trinidad and tobago,0.3723,59.7595,39.8681,1.788,9.1337402E8,10.0,2.017973E7,NaN,10714.744,1.42042368E10,0.752,69.2,181.0,258.416,1325672.0,NaN,NaN
america,united states,1.1302,21.923,76.9482,2.122,3.38848317E11,10.0,2.33701376E9,NaN,38710.887,1.16609264E13,0.905,77.9,17647.0,31.393,3.02284576E8,NaN,NaN
oceania,australia,2.3673,20.2806,77.3521,1.92,1.33517855E10,10.0,1.19755168E8,NaN,24765.549,5.22729685E11,0.922,81.67,253.0,2.728,2.1119988E7,NaN,NaN
oceania,fiji,13.9062,18.1167,67.9771,2.774,3.4536332E7,-4.0,524000.0,NaN,2295.4382,1.91713971E9,0.681,68.733,6.0,45.708,835267.0,NaN,NaN
oceania,kiribati,27.2599,8.0031,64.7369,3.186,1162333.4,NaN,11000.0,NaN,773.0188,7.6008008E7,NaN,66.97,6.0,130.913,95043.0,NaN,NaN
oceania,marshall islands,NaN,NaN,NaN,NaN,1305333.4,NaN,32000.0,NaN,2464.9907,1.29379968E8,NaN,NaN,1.0,289.983,52487.0,NaN,NaN
oceania,micronesia,NaN,NaN,NaN,3.661,502333.34,NaN,NaN,NaN,2134.369,2.35138832E8,0.637,68.257,1.0,156.826,110092.0,NaN,NaN
oceania,nauru,NaN,NaN,NaN,NaN,4957333.5,NaN,NaN,NaN,NaN,NaN,NaN,NaN,1.0,483.524,10154.0,NaN,NaN
oceania,new zealand,NaN,NaN,NaN,2.11,1.39701466E9,10.0,1.712388E7,NaN,15392.503,6.5084121E10,0.903,80.145,55.0,15.645,4232461.0,NaN,NaN
oceania,palau,3.4979,20.7038,75.7982,NaN,2379666.8,NaN,NaN,NaN,6519.924,1.34595328E8,0.793,NaN,NaN,43.83,20118.0,NaN,NaN
oceania,papua new guinea,36.0058,44.7574,19.2367,4.122,9.3236E7,4.0,NaN,NaN,656.3571,4.19826176E9,0.447,61.296,900.0,13.82,6396307.0,NaN,NaN
oceania,samoa,12.182,31.1565,56.6615,4.45,4513666.5,NaN,58000.0,NaN,1798.3857,3.4101136E8,0.684,71.415,2.0,64.033,181277.0,NaN,NaN
oceania,solomon islands,44.3441,5.8608,49.795,4.412,5408333.5,8.0,64000.0,NaN,1092.9396,5.4263354E8,0.515,66.231,7.0,17.182,496490.0,NaN,NaN
oceania,tonga,20.8882,18.7205,60.3913,4.059,3300000.0,NaN,58000.0,NaN,1969.0042,2.06383104E8,0.698,71.774,1.0,157.314,102254.0,NaN,NaN
oceania,tuvalu,NaN,NaN,NaN,NaN,NaN,NaN,NaN,NaN,1540.3903,1.6503167E7,NaN,NaN,NaN,375.462,9762.0,NaN,NaN
oceania,vanuatu,20.4861,7.9318,71.5821,3.679,2959000.0,NaN,35000.0,NaN,1472.1956,3.27382432E8,NaN,69.848,2.0,18.244,222377.0,NaN,NaN
america,argentina,9.3949,33.7362,56.8689,2.254,6.0112691E9,8.0,7.3672984E7,2.71,9388.688,3.6961452E11,0.78,75.225,2596.0,14.159,3.9368064E7,5.46,NaN
america,bolivia,12.8774,36.3893,50.7333,3.551,2.88570336E8,8.0,5370954.0,13.06,1132.2139,1.07147028E10,0.645,65.404,335.0,8.614,9463497.0,24.66,NaN
america,brazil,5.5627,27.8112,66.6261,1.944,9.8636851E9,8.0,2.35355712E8,7.13,4297.8237,8.1570339E11,0.7,72.298,57250.0,22.292,1.89798064E8,13.19,NaN
america,chile,3.9133,48.8772,47.2063,1.903,1.88879539E9,10.0,3.0564974E7,NaN,6410.8066,1.01465571E11,0.789,78.452,861.0,21.983,1.6633254E7,NaN,NaN
america,colombia,7.9374,33.8057,58.2569,2.454,2.33558963E9,7.0,2.791906E7,8.84,3068.4773,1.36743821E11,0.691,72.775,36619.0,38.943,4.4352328E7,NaN,NaN
america,ecuador,6.9581,38.7587,54.2832,2.768,7.1845766E8,5.0,1.1332313E7,7.23,1618.868,2.24208712E10,0.702,74.973,3042.0,48.842,1.3849721E7,14.43,NaN
america,guyana,24.407,29.9614,45.6316,2.754,7.1041664E7,6.0,500000.0,NaN,1107.352,8.3058925E8,0.619,65.047,168.0,3.489,750068.0,NaN,NaN
america,paraguay,22.0014,19.9769,58.0216,3.123,9.9392336E7,8.0,4224895.0,8.77,1450.1846,8.9377444E9,0.643,71.668,994.0,15.044,6119295.0,15.95,NaN
america,peru,7.0067,37.0615,55.9318,2.614,1.18313062E9,9.0,1.4334054E7,7.94,2725.8152,7.677576E10,0.704,73.018,835.0,21.915,2.8166078E7,18.2,NaN
america,suriname,11.264,40.9948,54.031,2.441,8.8788336E7,5.0,714000.0,NaN,2520.5867,1.28584205E9,0.668,69.424,56.0,3.114,510136.0,NaN,NaN
america,uruguay,10.1888,27.1799,62.6313,2.122,2.81093984E8,10.0,3172144.0,0.48,7685.2246,2.55449641E10,0.764,76.275,161.0,19.058,3335528.0,2.92,NaN
america,venezuela,4.1942,54.2016,41.6042,2.562,5.7185736E9,5.0,6.3511004E7,NaN,5777.6284,1.58786568E11,0.72,73.628,10295.0,30.254,2.7593428E7,NaN,NaN
